,row,command,args,end
0,5,OL_LEFT,[],1
1,5,OL_TITLE,['この話のあらすじ'],1
2,5,outline,['ゼノスの'],0
3,5,ruby,"['要塞', 'ようさい']",1
4,5,outline,['が'],0
5,5,ruby,"['世界', 'せかい']",1
6,5,outline,['へと'],0
7,5,ruby,"['侵入', 'しんにゅう']",1
8,5,outline,['、あわや\\n'],0
9,5,ruby,"['世界消滅', 'せかいしょうめつ']",1
10,5,outline,['の'],0
11,5,ruby,"['危機', 'きき']",1
12,5,outline,['に'],0
13,5,ruby,"['陥', 'おちい']",1
14,5,outline,['るが、モルティスの\\n'],0
15,5,ruby,"['策', 'さく']",1
16,5,outline,['によって'],0
17,5,ruby,"['窮地', 'きゅうち']",1
18,5,outline,['を'],0
19,5,ruby,"['免', 'まぬが']",1
20,5,outline,['れる。しかし、'],0
21,5,ruby,"['残', 'のこ']",1
22,5,outline,['された\\n'],0
23,5,ruby,"['時間', 'じかん']",1
24,5,outline,['は'],0
25,5,ruby,"['少', 'すく']",1
26,5,outline,['なく、'],0
27,5,ruby,"['巫女', 'みこ']",1
28,5,outline,['の'],0
29,5,ruby,"['覚醒', 'かくせい']",1
30,5,outline,['を'],0
31,5,ruby,"['促', 'うなが']",1
32,5,outline,['すため、\\n'],0
33,5,ruby,"['五竜', 'ごりゅう']",1
34,5,outline,['との'],0
35,5,ruby,"['連戦', 'れんせん']",1
36,5,outline,['を'],0
37,5,ruby,"['決意', 'けつい']",1
38,5,outline,['するのだった。'],1
39,9,BLACK_OUT_DEF_STOP,[],1
40,10,set_BG,['sty_bg_0029_400'],1
41,11,window_type,['NORMAL'],1
42,12,play_sound,['BGM_IN_STORY_0014_01'],1
43,13,set_BG_effect,['EFF_SCE_2D_CMN_024'],1
44,14,set_BG_effect_pos,"['EFF_SCE_2D_CMN_024', '0', '100']",1
45,15,set_BG_effect_opacity,"['EFF_SCE_2D_CMN_024', '0']",1
46,16,set_BG_effect_trigger,['8'],1
47,17,BLACK_IN_DEF,[],1
48,24,CHARA_SET,"['M', 'M', 'C', 'm05301', '1']",1
49,25,window_fadein,"['0', 'true']",1
50,26,play_sound,['VO_CHR_MAINSTORY_25_06_0001'],1
51,27,print,"['ゼノス', 'ただ']",0
52,27,ruby,"['受', 'う']",1
53,27,print,"['ゼノス', 'け']",0
54,27,ruby,"['入', 'い']",1
55,27,print,"['ゼノス', 'れるがいい。\\n']",0
56,27,ruby,"['目', 'め']",1
57,27,print,"['ゼノス', 'の']",0
58,27,ruby,"['前', 'まえ']",1
59,27,print,"['ゼノス', 'の']",0
60,27,ruby,"['絶望', 'ぜつぼう']",1
61,27,print,"['ゼノス', 'を――。', 'VO_CHR_MAINSTORY_25_06_0001']",1
62,28,CHARA_FADEOUT_DEF,['m05301'],1
63,31,CHARA_SET,"['M', 'M', 'C', 'm00109', '9']",1
64,32,c_swing_h_mid,['m00109'],1
65,33,play_sound,['VO_CHR_MAINSTORY_25_06_0002'],1
66,34,print,"['cn0101', 'ゼノス……！', 'VO_CHR_MAINSTORY_25_06_0002']",1
67,35,WFOUT_DEF,[],1
68,36,CHARA_FADEOUT_DEF,['m00109'],1
69,39,play_sound,['SE_STORY_COMMON_0056'],1
70,40,set_BG_effect_opacity,"['EFF_SCE_2D_CMN_024', '1', '0.2']",1
71,41,set_BG_effect_trigger,['9'],1
72,42,SHAKE_BG_LOOP,"['1', '0.5']",1
73,43,wait,['3'],1
74,44,SHAKE_BG_LOOP,"['2', '0.5']",1
75,45,play_sound,['SE_STORY_COMMON_0034'],1
76,46,wait,['2'],1
77,47,set_BG_effect_opacity,"['EFF_SCE_2D_CMN_024', '0', '0.2']",1
78,48,wait,['0.3'],1
79,51,CHARA_SET,"['M', 'M', 'C', 'p36901', '11']",1
80,52,ODOROKI_EMO,['p36901'],1
81,53,play_sound,['VO_CHR_MAINSTORY_25_06_0003'],1
82,54,print,"['cn3669', 'まずい！\u3000']",0
83,54,ruby,"['要塞', 'ようさい']",1
84,54,print,"['cn3669', 'が']",0
85,54,ruby,"['入', 'はい']",1
86,54,print,"['cn3669', 'ってくるぞ！', 'VO_CHR_MAINSTORY_25_06_0003']",1
87,55,CHARA_FADEOUT_DEF,['p36901'],1
88,58,CHARA_SET,"['M', 'M', 'C', 'm05301', '1']",1
89,59,play_sound,['VO_CHR_MAINSTORY_25_06_0004'],1
90,60,print,"['ゼノス', 'そこで']",0
91,60,ruby,"['見', 'み']",1
92,60,print,"['ゼノス', 'ているがいい。\\n']",0
93,60,ruby,"['紛', 'まが']",1
94,60,print,"['ゼノス', 'いものではない']",0
95,60,ruby,"['真', 'しん']",1
96,60,print,"['ゼノス', 'の']",0
97,60,ruby,"['創世', 'そうせい']",1
98,60,print,"['ゼノス', 'を！', 'VO_CHR_MAINSTORY_25_06_0004']",1
99,62,c_face,"['M', 'M', 'm05301', '4']",1
100,63,c_bound_b_slow,['m05301'],1
101,64,play_sound,['VO_CHR_MAINSTORY_25_06_0005'],1
102,65,print,['ゼノス'],0
103,65,ruby,"['新', 'あら']",1
104,65,print,['たなる'],0
105,65,ruby,"['世界', 'せかい']",1
106,65,print,['の'],0
107,65,ruby,"['誕生', 'たんじょう']",1
108,65,print,"['を――！', 'VO_CHR_MAINSTORY_25_06_0005']",1
109,66,WFOUT_DEF,[],1
110,67,CHARA_FADEOUT_DEF,['m05301'],1
111,70,play_sound,['SE_STORY_COMMON_0049'],1
112,71,set_BG_effect,"['1', 'EFF_SCE_2D_CMN_077']",1
113,72,set_BG_effect_pos,"['EFF_SCE_2D_CMN_077', '-800', '460']",1
114,73,set_BG_effect_scale,"['EFF_SCE_2D_CMN_077', '2', '2']",1
115,74,set_BG_effect_rotation,"['EFF_SCE_2D_CMN_077', '180']",1
116,75,set_BG_effect_opacity,"['EFF_SCE_2D_CMN_077', '0']",1
117,76,set_BG_effect_trigger,"['0', '9']",1
118,77,set_BG_effect_opacity,"['EFF_SCE_2D_CMN_077', '1', '2']",1
119,78,set_BG_effect_pos,"['EFF_SCE_2D_CMN_077', '0', '-500', '5', 'EaseInQuad']",1
120,79,SHAKE_BG_STOP,"['2', '4.5']",1
121,80,wait,['5'],1
122,81,BGMTUNE_DOWN_0,['SE_STORY_COMMON_0049'],1
123,82,set_BG_effect_opacity,"['EFF_SCE_2D_CMN_077', '0', '0.2']",1
124,85,CHARA_SET,"['M', 'M', 'C', 'm00301', '7']",1
125,86,c_swing_h_mid,['m00301'],1
126,87,play_sound,['VO_CHR_MAINSTORY_25_06_0006'],1
127,88,print,"['cn0103', 'な、なんだあのバカでかい']",0
128,88,ruby,"['塊', 'かたまり']",1
129,88,print,"['cn0103', 'は……。', 'VO_CHR_MAINSTORY_25_06_0006']",1
130,89,CHARA_FADEOUT_DEF,['m00301'],1
131,92,CHARA_SET,"['M', 'M', 'C', 'm00401', '9']",1
132,93,play_sound,['VO_CHR_MAINSTORY_25_06_0007'],1
133,94,print,"['cn0104', 'まるで']",0
134,94,ruby,"['黒', 'くろ']",1
135,94,print,"['cn0104', 'い']",0
136,94,ruby,"['月', 'つき']",1
137,94,print,"['cn0104', 'が']",0
138,94,ruby,"['墜', 'お']",1
139,94,print,"['cn0104', 'ちてきたかの\\nようです……。', 'VO_CHR_MAINSTORY_25_06_0007']",1
140,95,CHARA_FADEOUT_DEF,['m00401'],1
141,98,CHARA_SET,"['M', 'M', 'C', 'm00201', '4']",1
142,99,play_sound,['VO_CHR_MAINSTORY_25_06_0008'],1
143,100,print,"['cn0102', 'あれが']",0
144,100,ruby,"['世界', 'せかい']",1
145,100,print,"['cn0102', 'を']",0
146,100,ruby,"['生', 'う']",1
147,100,print,"['cn0102', 'み']",0
148,100,ruby,"['出', 'だ']",1
149,100,print,"['cn0102', 'す']",0
150,100,ruby,"['繭', 'まゆ']",1
151,100,print,"['cn0102', '……\\nゼノスの']",0
152,100,ruby,"['要塞', 'ようさい']",1
153,100,print,"['cn0102', 'だと']",0
154,100,ruby,"['言', 'い']",1
155,100,print,"['cn0102', 'うのか。', 'VO_CHR_MAINSTORY_25_06_0008']",1
156,101,CHARA_FADEOUT_DEF,['m00201'],1
157,104,CHARA_SET,"['M', 'M', 'C', 'm05301', '5']",1
158,105,c_bound_b_slow,['m05301'],1
159,106,play_sound,['VO_CHR_MAINSTORY_25_06_0009'],1
160,107,print,"['ゼノス', 'お']",0
161,107,ruby,"['前', 'まえ']",1
162,107,print,"['ゼノス', 'たちは']",0
163,107,ruby,"['幸運', 'こううん']",1
164,107,print,"['ゼノス', 'だ。']",0
165,107,ruby,"['創世', 'そうせい']",1
166,107,print,"['ゼノス', 'を']",0
167,107,ruby,"['目', 'め']",1
168,107,print,"['ゼノス', 'にする\\nことができるのだからな。', 'VO_CHR_MAINSTORY_25_06_0009']",1
169,109,c_face,"['M', 'M', 'm05301', '4']",1
170,110,play_sound,['VO_CHR_MAINSTORY_25_06_0010'],1
171,111,print,"['ゼノス', 'これより']",0
172,111,ruby,"['我', 'わ']",1
173,111,print,"['ゼノス', 'が']",0
174,111,ruby,"['要塞', 'ようさい']",1
175,111,print,"['ゼノス', 'から']",0
176,111,ruby,"['新', 'あら']",1
177,111,print,"['ゼノス', 'たなる']",0
178,111,ruby,"['世界', 'せかい']",1
179,111,print,"['ゼノス', 'が\\n']",0
180,111,ruby,"['孵', 'かえ']",1
181,111,print,"['ゼノス', 'る。その']",0
182,111,ruby,"['時', 'とき']",1
183,111,print,"['ゼノス', '、']",0
184,111,ruby,"['数多', 'あまた']",1
185,111,print,"['ゼノス', 'の']",0
186,111,ruby,"['不完全', 'ふかんぜん']",1
187,111,print,"['ゼノス', 'なる']",0
188,111,ruby,"['世界', 'せかい']",1
189,111,print,"['ゼノス', 'は\\n']",0
190,111,ruby,"['消', 'き']",1
191,111,print,"['ゼノス', 'え']",0
192,111,ruby,"['失', 'う']",1
193,111,print,"['ゼノス', 'せ、']",0
194,111,ruby,"['世界', 'せかい']",1
195,111,print,"['ゼノス', 'に']",0
196,111,ruby,"['静謐', 'せいひつ']",1
197,111,print,"['ゼノス', 'が']",0
198,111,ruby,"['訪', 'おとず']",1
199,111,print,"['ゼノス', 'れるのだ。', 'VO_CHR_MAINSTORY_25_06_0010']",1
200,112,CHARA_FADEOUT_DEF,['m05301'],1
201,115,CHARA_SET,"['M', 'M', 'C', 'm00301', '9']",1
202,116,c_swing_h_slow,['m00301'],1
203,117,play_sound,['VO_CHR_MAINSTORY_25_06_0011'],1
204,118,print,"['cn0103', 'ふざけんな！\u3000']",0
205,118,ruby,"['勝手', 'かって']",1
206,118,print,"['cn0103', 'な']",0
207,118,ruby,"['理屈', 'りくつ']",1
208,118,print,"['cn0103', 'でこっちを\\n']",0
209,118,ruby,"['振', 'ふ']",1
210,118,print,"['cn0103', 'り']",0
211,118,ruby,"['回', 'まわ']",1
212,118,print,"['cn0103', 'しておいて、']",0
213,118,ruby,"['何', 'なに']",1
214,118,print,"['cn0103', 'が']",0
215,118,ruby,"['幸運', 'こううん']",1
216,118,print,"['cn0103', 'だ！', 'VO_CHR_MAINSTORY_25_06_0011']",1
217,119,CHARA_FADEOUT_DEF,['m00301'],1
218,122,CHARA_SET,"['M', 'M', 'C', 'm00109', '9']",1
219,123,play_sound,['VO_CHR_MAINSTORY_25_06_0012'],1
220,124,print,"['cn0101', 'なぜだ、ゼノス！\u3000なぜ']",0
221,124,ruby,"['可能性', 'かのうせい']",1
222,124,print,"['cn0101', 'の']",0
223,124,ruby,"['世界', 'せかい']",1
224,124,print,"['cn0101', 'を\\n']",0
225,124,ruby,"['消', 'け']",1
226,124,print,"['cn0101', 'そうとする!?', 'VO_CHR_MAINSTORY_25_06_0012']",1
227,125,CHARA_FADEOUT_DEF,['m00109'],1
228,128,CHARA_SET,"['M', 'M', 'C', 'm05301', '7']",1
229,129,play_sound,['VO_CHR_MAINSTORY_25_06_0013'],1
230,130,print,['ゼノス'],0
231,130,ruby,"['理由', 'りゆう']",1
232,130,print,['？\\n'],0
233,130,ruby,"['塵', 'ちり']",1
234,130,print,['を'],0
235,130,ruby,"['払', 'はら']",1
236,130,print,['うのに'],0
237,130,ruby,"['理由', 'りゆう']",1
238,130,print,['があるのか？\\n'],0
239,130,ruby,"['芥', 'あくた']",1
240,130,print,['を'],0
241,130,ruby,"['捨', 'す']",1
242,130,print,['てるのに'],0
243,130,ruby,"['理由', 'りゆう']",1
244,130,print,['が'],0
245,130,ruby,"['必要', 'ひつよう']",1
246,130,print,"['か？', 'VO_CHR_MAINSTORY_25_06_0013']",1
247,131,CHARA_FADEOUT_DEF,['m05301'],1
248,134,CHARA_SET,"['M', 'M', 'C', 'm00401', '9']",1
249,135,c_swing_h,['m00401'],1
250,136,play_sound,['VO_CHR_MAINSTORY_25_06_0014'],1
251,137,print,['cn0104'],0
252,137,ruby,"['私', 'わたし']",1
253,137,print,['たちの'],0
254,137,ruby,"['世界', 'せかい']",1
255,137,print,['を……'],0
256,137,ruby,"['塵芥', 'ちりあくた']",1
257,137,print,['に'],0
258,137,ruby,"['過', 'す']",1
259,137,print,"['ぎないと、\\nそういうのですか!?', 'VO_CHR_MAINSTORY_25_06_0014']",1
260,138,CHARA_FADEOUT_DEF,['m00401'],1
261,141,CHARA_SET,"['M', 'M', 'C', 'm05301', '6']",1
262,142,play_sound,['VO_CHR_MAINSTORY_25_06_0015'],1
263,143,print,['ゼノス'],0
264,143,ruby,"['可能性', 'かのうせい']",1
265,143,print,['の'],0
266,143,ruby,"['世界', 'せかい']",1
267,143,print,['など、'],0
268,143,ruby,"['醜', 'みにく']",1
269,143,print,['く'],0
270,143,ruby,"['膨', 'ふく']",1
271,143,print,['れ'],0
272,143,ruby,"['上', 'あ']",1
273,143,print,['がった\\n'],0
274,143,ruby,"['猥雑', 'わいざつ']",1
275,143,print,['な'],0
276,143,ruby,"['世界', 'せかい']",1
277,143,print,['。'],0
278,143,ruby,"['我', 'われ']",1
279,143,print,['の'],0
280,143,ruby,"['思', 'おも']",1
281,143,print,['い'],0
282,143,ruby,"['描', 'えが']",1
283,143,print,['いた'],0
284,143,ruby,"['正', 'ただ']",1
285,143,print,['しき\\n'],0
286,143,ruby,"['世界', 'せかい']",1
287,143,print,"['ではない。', 'VO_CHR_MAINSTORY_25_06_0015']",1
288,145,play_sound,['VO_CHR_MAINSTORY_25_06_0016'],1
289,146,print,['ゼノス'],0
290,146,ruby,"['不快', 'ふかい']",1
291,146,print,['で'],0
292,146,ruby,"['煩', 'わずら']",1
293,146,print,['わしいものは'],0
294,146,ruby,"['排除', 'はいじょ']",1
295,146,print,['する。\\nそれはお'],0
296,146,ruby,"['前', 'まえ']",1
297,146,print,"['たちとてそうであろう。', 'VO_CHR_MAINSTORY_25_06_0016']",1
298,148,c_face,"['M', 'M', 'm05301', '9']",1
299,149,c_swing_h_slow,['m05301'],1
300,150,play_sound,['VO_CHR_MAINSTORY_25_06_0017'],1
301,151,print,['ゼノス'],0
302,151,ruby,"['藻掻', 'もが']",1
303,151,print,['くのはやめよ。\\nただ'],0
304,151,ruby,"['苦', 'くる']",1
305,151,print,['しみが'],0
306,151,ruby,"['増', 'ふ']",1
307,151,print,"['えるだけにしかならん。', 'VO_CHR_MAINSTORY_25_06_0017']",1
308,153,play_sound,['VO_CHR_MAINSTORY_25_06_0018'],1
309,154,print,['ゼノス'],0
310,154,ruby,"['完全', 'かんぜん']",1
311,154,print,['なる'],0
312,154,ruby,"['世界', 'せかい']",1
313,154,print,['に'],0
314,154,ruby,"['苦', 'くる']",1
315,154,print,['しみはない。\\n'],0
316,154,ruby,"['委', 'ゆだ']",1
317,154,print,['ね、'],0
318,154,ruby,"['受', 'う']",1
319,154,print,['け'],0
320,154,ruby,"['入', 'い']",1
321,154,print,['れ、'],0
322,154,ruby,"['身', 'み']",1
323,154,print,['を'],0
324,154,ruby,"['任', 'まか']",1
325,154,print,['せよ。\\n'],0
326,154,ruby,"['揺籃', 'ようらん']",1
327,154,print,['の'],0
328,154,ruby,"['時', 'とき']",1
329,154,print,"['のままに。', 'VO_CHR_MAINSTORY_25_06_0018']",1
330,156,c_face,"['M', 'M', 'm05301', '4']",1
331,157,c_bound_b_slow,['m05301'],1
332,158,play_sound,['VO_CHR_MAINSTORY_25_06_0019'],1
333,159,print,['ゼノス'],0
334,159,ruby,"['今', 'いま']",1
335,159,print,['こそ――\\n'],0
336,159,ruby,"['完全', 'かんぜん']",1
337,159,print,['なる'],0
338,159,ruby,"['世界', 'せかい']",1
339,159,print,['の'],0
340,159,ruby,"['誕生', 'たんじょう']",1
341,159,print,['の'],0
342,159,ruby,"['時', 'とき']",1
343,159,print,"['。', 'VO_CHR_MAINSTORY_25_06_0019']",1
344,160,WFOUT_DEF,[],1
345,161,CHARA_FADEOUT_DEF,['m05301'],1
346,166,SHAKE_BG_LOOP,"['2', '0.5']",1
347,167,set_BG_effect_opacity,"['EFF_SCE_2D_CMN_077', '1', '0.2']",1
348,168,play_sound,"['SE_STORY_COMMON_0034', '2']",1
349,169,wait,['2'],1
350,170,set_BG_effect_opacity,"['EFF_SCE_2D_CMN_077', '0', '0.2']",1
351,171,wait,['0.3'],1
352,173,CHARA_SET,"['M', 'M', 'C', 'm00109', '6']",1
353,174,play_sound,['SE_STORY_COMMON_0190'],1
354,175,play_sound,['SE_STORY_COMMON_0042'],1
355,176,set_BG_effect,"['1', '1', 'EFF_SCE_2D_CMN_047']",1
356,177,set_BG_effect_scale,"['EFF_SCE_2D_CMN_047', '1', '1.5']",1
357,178,set_BG_effect_speed,"['EFF_SCE_2D_CMN_047', '2']",1
358,179,set_BG_effect_color,"['EFF_SCE_2D_CMN_047', '86', '76', '108']",1
359,180,set_BG_effect_rotation,"['EFF_SCE_2D_CMN_047', '180']",1
360,181,set_BG_effect_trigger,"['0', '0', '10']",1
361,182,set_BG_effect_opacity,"['EFF_SCE_2D_CMN_047', '0', '2', 'EaseInExpo']",1
362,183,c_swing_h_mid,['m00109'],1
363,184,play_sound,['VO_CHR_MAINSTORY_25_06_0020'],1
364,185,print,['cn0101'],0
365,185,ruby,"['世界', 'せかい']",1
366,185,print,"['が……！\\nもう、ダメなのか……？', 'VO_CHR_MAINSTORY_25_06_0020']",1
367,186,CHARA_FADEOUT_DEF,['m00109'],1
368,187,NO_EFFECT,[],1
369,188,set_BG_effect,['EFF_SCE_2D_CMN_077'],1
370,189,set_BG_effect_pos,"['EFF_SCE_2D_CMN_077', '-800', '-40']",1
371,190,set_BG_effect_scale,"['EFF_SCE_2D_CMN_077', '2', '2']",1
372,191,set_BG_effect_rotation,"['EFF_SCE_2D_CMN_077', '180']",1
373,192,set_BG_effect_trigger,['9'],1
374,195,CHARA_SET,"['M', 'M', 'C', 'p36901', '9']",1
375,196,c_swing_h_slow,['p36901'],1
376,197,play_sound,['VO_CHR_MAINSTORY_25_06_0021'],1
377,198,print,"['cn3669', 'そうはさせない！\\n']",0
378,198,ruby,"['可能性', 'かのうせい']",1
379,198,print,"['cn3669', 'の']",0
380,198,ruby,"['世界', 'せかい']",1
381,198,print,"['cn3669', 'の']",0
382,198,ruby,"['強', 'つよ']",1
383,198,print,"['cn3669', 'さを']",0
384,198,ruby,"['証明', 'しょうめい']",1
385,198,print,"['cn3669', 'して']",0
386,198,ruby,"['見', 'み']",1
387,198,print,"['cn3669', 'せる！', 'VO_CHR_MAINSTORY_25_06_0021']",1
388,200,c_face,"['M', 'M', 'p36901', '11']",1
389,201,set_BG_effect,"['1', 'EFF_013']",1
390,202,set_BG_effect_trigger,"['0', '9']",1
391,203,play_sound,['VO_CHR_MAINSTORY_25_06_0022'],1
392,204,print,"['cn3669', '――']",0
393,204,ruby,"['世界', 'せかい']",1
394,204,print,"['cn3669', 'よ、']",0
395,204,ruby,"['楔', 'くさび']",1
396,204,print,"['cn3669', 'となれ！', 'VO_CHR_MAINSTORY_25_06_0022']",1
397,205,WFOUT_DEF,[],1
398,206,set_BG_effect_trigger,"['0', '1']",1
399,207,CHARA_FADEOUT_DEF,['p36901'],1
400,208,set_BG_effect,"['1', '0']",1
401,210,set_BG_effect_opacity,"['EFF_SCE_2D_CMN_077', '1', '0.2']",1
402,211,play_sound,['SE_STORY_COMMON_0036'],1
403,212,set_BG_effect,"['1', 'EFF_SCE_2D_CMN_191']",1
404,213,set_BG_effect_pos,"['EFF_SCE_2D_CMN_191', '0', '300']",1
405,214,set_BG_effect_trigger,"['0', '8']",1
406,215,wait,['2'],1
407,216,play_sound,['SE_STORY_COMMON_0009'],1
408,217,set_BG_effect,"['1', '1', 'EFF_SCE_2D_CMN_092', 'EFF_SCE_2D_CMN_092', 'EFF_SCE_2D_CMN_092']",1
409,218,set_BG_effect_pos,"['EFF_SCE_2D_CMN_092', '0', '460']",1
410,219,set_BG_effect_rotation,"['EFF_SCE_2D_CMN_092', '20']",1
411,220,set_BG_effect_scale,"['EFF_SCE_2D_CMN_092', '1.5', '1.5']",1
412,221,set_BG_effect_trigger,"['0', '0', '11']",1
413,222,wait,['0.3'],1
414,223,play_sound,['SE_STORY_COMMON_0236'],1
415,224,set_BG_effect_rotation,"['EFF_SCE_2D_CMN_092', '-25']",1
416,225,set_BG_effect_trigger,"['0', '0', '0', '10']",1
417,226,wait,['0.3'],1
418,227,play_sound,['SE_STORY_COMMON_0239'],1
419,228,set_BG_effect_pos,"['EFF_SCE_2D_CMN_092', '45', '0']",1
420,229,set_BG_effect_rotation,"['EFF_SCE_2D_CMN_092', '60']",1
421,230,set_BG_effect_trigger,"['0', '0', '0', '0', '11']",1
422,231,wait,['0.3'],1
423,232,play_sound,['SE_STORY_COMMON_0238'],1
424,233,wait,['1'],1
425,234,BGMFOUT_DEF,[],1
426,235,set_BG_effect_speed,"['EFF_SCE_2D_CMN_077', '0.3', '1.5']",1
427,236,set_BG_effect_opacity,"['EFF_SCE_2D_CMN_191', '0', '1.0', 'EaseOutSine']",1
428,237,SHAKE_BG_STOP,"['2', '1.5']",1
429,238,wait,['2.5'],1
430,239,set_BG_effect_opacity,"['EFF_SCE_2D_CMN_077', '0', '0.2']",1
431,240,wait,['0.3'],1
432,241,NO_EFFECT,[],1
433,242,set_BG_effect,['EFF_SCE_2D_CMN_179'],1
434,243,set_BG_effect_pos,"['EFF_SCE_2D_CMN_179', '-800', '40']",1
435,244,set_BG_effect_scale,"['EFF_SCE_2D_CMN_179', '2', '2']",1
436,245,set_BG_effect_speed,"['EFF_SCE_2D_CMN_179', '0.3']",1
437,246,set_BG_effect_rotation,"['EFF_SCE_2D_CMN_179', '180']",1
438,247,set_BG_effect_opacity,"['EFF_SCE_2D_CMN_179', '0']",1
439,248,set_BG_effect_trigger,['9'],1
440,253,CHARA_SET,"['M', 'M', 'C', 'm05301', '7']",1
441,254,play_sound,['VO_CHR_MAINSTORY_25_06_0023'],1
442,255,print,"['ゼノス', '……？\u3000']",0
443,255,ruby,"['世界', 'せかい']",1
444,255,print,"['ゼノス', 'の']",0
445,255,ruby,"['繭', 'まゆ']",1
446,255,print,"['ゼノス', 'の']",0
447,255,ruby,"['脈動', 'みゃくどう']",1
448,255,print,"['ゼノス', 'が']",0
449,255,ruby,"['熄', 'や']",1
450,255,print,"['ゼノス', 'んだ？\\nこれは……。', 'VO_CHR_MAINSTORY_25_06_0023']",1
451,256,CHARA_FADEOUT_DEF,['m05301'],1
452,258,play_sound,['BGM_IN_STORY_0009_06'],1
453,260,CHARA_SET,"['M', 'M', 'C', 'p36901', '4']",1
454,261,play_sound,['VO_CHR_MAINSTORY_25_06_0024'],1
455,262,print,"['cn3669', 'お']",0
456,262,ruby,"['前', 'まえ']",1
457,262,print,"['cn3669', 'は']",0
458,262,ruby,"['世界', 'せかい']",1
459,262,print,"['cn3669', 'の']",0
460,262,ruby,"['強', 'つよ']",1
461,262,print,"['cn3669', 'さを']",0
462,262,ruby,"['見', 'み']",1
463,262,print,"['cn3669', 'くびっている。\\n']",0
464,262,ruby,"['可能性', 'かのうせい']",1
465,262,print,"['cn3669', 'の']",0
466,262,ruby,"['世界', 'せかい']",1
467,262,print,"['cn3669', 'は']",0
468,262,ruby,"['容易', 'たやす']",1
469,262,print,"['cn3669', 'く']",0
470,262,ruby,"['消', 'け']",1
471,262,print,"['cn3669', 'されたり\\nしないということだ。', 'VO_CHR_MAINSTORY_25_06_0024']",1
472,263,CHARA_FADEOUT_DEF,['p36901'],1
473,266,CHARA_SET,"['M', 'M', 'C', 'm05301', '7']",1
474,267,c_bound_b_slow,['m05301'],1
475,268,play_sound,['VO_CHR_MAINSTORY_25_06_0025'],1
476,269,print,"['ゼノス', '……なるほど。']",0
477,269,ruby,"['数多', 'あまた']",1
478,269,print,"['ゼノス', 'の']",0
479,269,ruby,"['世界', 'せかい']",1
480,269,print,"['ゼノス', 'によって、\\n']",0
481,269,ruby,"['我', 'わ']",1
482,269,print,"['ゼノス', 'が']",0
483,269,ruby,"['創世', 'そうせい']",1
484,269,print,"['ゼノス', 'の']",0
485,269,ruby,"['邪魔', 'じゃま']",1
486,269,print,"['ゼノス', 'をしたということか。\\nよく']",0
487,269,ruby,"['考', 'かんが']",1
488,269,print,"['ゼノス', 'えるものだな。', 'VO_CHR_MAINSTORY_25_06_0025']",1
489,271,c_face,"['M', 'M', 'm05301', '1']",1
490,272,play_sound,['VO_CHR_MAINSTORY_25_06_0026'],1
491,273,print,['ゼノス'],0
492,273,ruby,"['不要', 'ふよう']",1
493,273,print,['と'],0
494,273,ruby,"['断', 'だん']",1
495,273,print,['じ、'],0
496,273,ruby,"['切', 'き']",1
497,273,print,['り'],0
498,273,ruby,"['捨', 'す']",1
499,273,print,['てた'],0
500,273,ruby,"['己', 'おのれ']",1
501,273,print,['に'],0
502,273,ruby,"['邪魔', 'じゃま']",1
503,273,print,['を\\nされるとは、'],0
504,273,ruby,"['皮肉', 'ひにく']",1
505,273,print,"['なものだ。', 'VO_CHR_MAINSTORY_25_06_0026']",1
506,274,CHARA_FADEOUT_DEF,['m05301'],1
507,277,CHARA_SET,"['M', 'M', 'C', 'p36901', '9']",1
508,278,play_sound,['VO_CHR_MAINSTORY_25_06_0027'],1
509,279,print,"['cn3669', '……']",0
510,279,ruby,"['気', 'き']",1
511,279,print,"['cn3669', 'づいていたか。', 'VO_CHR_MAINSTORY_25_06_0027']",1
512,280,CHARA_FADEOUT_DEF,['p36901'],1
513,283,CHARA_SET,"['M', 'M', 'C', 'm05301', '1']",1
514,284,play_sound,['VO_CHR_MAINSTORY_25_06_0028'],1
515,285,print,['ゼノス'],0
516,285,ruby,"['無論', 'むろん']",1
517,285,print,['だ。'],0
518,285,wait,['1.65'],1
519,285,c_face,"['Q', 'M', 'm05301', '9']",1
520,285,c_swing_h_slow,['m05301'],1
521,285,print,['だが、お'],0
522,285,ruby,"['前', 'まえ']",1
523,285,print,['の'],0
524,285,ruby,"['行動', 'こうどう']",1
525,285,print,['に'],0
526,285,ruby,"['意味', 'いみ']",1
527,285,print,['など\\nない。ただ、'],0
528,285,ruby,"['順序', 'じゅんじょ']",1
529,285,print,['が'],0
530,285,ruby,"['逆', 'ぎゃく']",1
531,285,print,"['になるだけ。', 'VO_CHR_MAINSTORY_25_06_0028']",1
532,287,c_face,"['M', 'M', 'm05301', '9']",1
533,288,play_sound,['VO_CHR_MAINSTORY_25_06_0029'],1
534,289,print,['ゼノス'],0
535,289,ruby,"['手間', 'てま']",1
536,289,print,['をかけさせられて'],0
537,289,ruby,"['煩', 'わずら']",1
538,289,print,['わしいのは\\n'],0
539,289,ruby,"['確', 'たし']",1
540,289,print,['かではあるが、'],0
541,289,ruby,"['創世', 'そうせい']",1
542,289,print,['までの'],0
543,289,ruby,"['時間', 'じかん']",1
544,289,print,['が\\nわずかに'],0
545,289,ruby,"['延', 'の']",1
546,289,print,['びただけの'],0
547,289,ruby,"['話', 'はなし']",1
548,289,print,"['だ。', 'VO_CHR_MAINSTORY_25_06_0029']",1
549,290,CHARA_FADEOUT_DEF,['m05301'],1
550,293,CHARA_SET,"['M', 'M', 'C', 'p36901', '4']",1
551,294,play_sound,['VO_CHR_MAINSTORY_25_06_0030'],1
552,295,print,"['cn3669', 'そのわずかな']",0
553,295,ruby,"['時間', 'じかん']",1
554,295,print,"['cn3669', 'の']",0
555,295,ruby,"['内', 'うち']",1
556,295,print,"['cn3669', 'に、\\n']",0
557,295,ruby,"['人', 'ひと']",1
558,295,print,"['cn3669', 'は']",0
559,295,ruby,"['必', 'かなら']",1
560,295,print,"['cn3669', 'ずお']",0
561,295,ruby,"['前', 'まえ']",1
562,295,print,"['cn3669', 'を']",0
563,295,ruby,"['超', 'こ']",1
564,295,print,"['cn3669', 'える！', 'VO_CHR_MAINSTORY_25_06_0030']",1
565,296,CHARA_FADEOUT_DEF,['p36901'],1
566,299,CHARA_SET,"['M', 'M', 'C', 'm05301', '9']",1
567,300,play_sound,['VO_CHR_MAINSTORY_25_06_0031'],1
568,301,print,"['ゼノス', 'そのような']",0
569,301,ruby,"['夢想', 'むそう']",1
570,301,print,"['ゼノス', 'を']",0
571,301,ruby,"['口', 'くち']",1
572,301,print,"['ゼノス', 'にするなど、\\n']",0
573,301,ruby,"['我', 'わ']",1
574,301,print,"['ゼノス', 'が']",0
575,301,ruby,"['一部', 'いちぶ']",1
576,301,print,"['ゼノス', 'とも']",0
577,301,ruby,"['思', 'おも']",1
578,301,print,"['ゼノス', 'えぬな。', 'VO_CHR_MAINSTORY_25_06_0031']",1
579,303,c_face,"['M', 'M', 'm05301', '4']",1
580,304,play_sound,['VO_CHR_MAINSTORY_25_06_0032'],1
581,305,print,"['ゼノス', 'ならば、その']",0
582,305,ruby,"['目', 'め']",1
583,305,print,"['ゼノス', 'でしかと']",0
584,305,ruby,"['見', 'み']",1
585,305,print,"['ゼノス', 'るがいい。\\n']",0
586,305,ruby,"['我', 'わ']",1
587,305,print,"['ゼノス', 'が']",0
588,305,ruby,"['要塞', 'ようさい']",1
589,305,print,"['ゼノス', 'が']",0
590,305,ruby,"['数多', 'あまた']",1
591,305,print,"['ゼノス', 'の']",0
592,305,ruby,"['世界', 'せかい']",1
593,305,print,"['ゼノス', 'を']",0
594,305,ruby,"['破壊', 'はかい']",1
595,305,print,"['ゼノス', 'していく\\n']",0
596,305,ruby,"['様', 'さま']",1
597,305,print,"['ゼノス', 'を。', 'VO_CHR_MAINSTORY_25_06_0032']",1
598,307,c_bound_b_slow,['m05301'],1
599,308,play_sound,['VO_CHR_MAINSTORY_25_06_0033'],1
600,309,print,"['ゼノス', 'ゆくぞ、ベベット。', 'VO_CHR_MAINSTORY_25_06_0033']",1
601,310,WFOUT_DEF,[],1
602,311,play_sound,['SE_STORY_COMMON_0047'],1
603,312,SHIMOTE_OUT_DEF,['m05301'],1
604,315,CHARA_SET,"['M', 'M', 'C', 'm03801', '1']",1
605,316,play_sound,['VO_CHR_MAINSTORY_25_06_0034'],1
606,317,print,"['cn0138', 'うん。', 'VO_CHR_MAINSTORY_25_06_0034']",1
607,318,WFOUT_DEF,[],1
608,319,SHIMOTE_OUT_DEF_SE,"['m03801', 'SE_WALK_OUT_GR']",1
609,321,BGMFOUT_DEF,[],1
610,322,play_sound,['SE_STORY_COMMON_0049'],1
611,323,set_BG_effect_opacity,"['EFF_SCE_2D_CMN_179', '1', '0.2']",1
612,324,CharaSet,"['DEF', 'm05301', '4', 'M', 'M', '-150', '0', 'm03801', '1', 'M', 'M', '150', '0']",1
613,325,set_render_target,"['m03801', '0']",1
614,326,play_sound,['SE_010'],1
615,327,set_BG_effect,"['1', 'EFF_SCE_2D_REN_000']",1
616,328,set_BG_effect_pos,"['EFF_SCE_2D_REN_000', '150', '0']",1
617,329,set_BG_effect_speed,"['EFF_SCE_2D_CMN_229', '0.5']",1
618,330,set_BG_effect_trigger,"['0', '29']",1
619,331,wait,['0.2'],1
620,332,chara_clear,['m03801'],1
621,333,set_BG_effect_pos,"['EFF_SCE_2D_REN_000', '-150', '240', '2', 'EaseInQuad']",1
622,334,wait,['2'],1
623,335,set_BG_effect,"['1', '1', 'EFF_SCE_2D_REN_000']",1
624,336,set_BG_effect_pos,"['EFF_SCE_2D_REN_000', '-150', '0']",1
625,337,set_render_target,"['m05301', '0']",1
626,338,set_BG_effect_trigger,"['0', '0', '29']",1
627,339,wait,['0.2'],1
628,340,chara_clear,['m05301'],1
629,341,set_BG_effect_pos,"['EFF_SCE_2D_REN_000', '150', '240', '2', 'EaseInQuad']",1
630,342,wait,['2'],1
631,343,SEFOUT_DEF,[],1
632,344,set_BG_effect_pos,"['EFF_SCE_2D_CMN_179', '0', '240', '2', 'EaseInQuad']",1
633,345,set_BG_effect_opacity,"['EFF_SCE_2D_CMN_179', '0', '2']",1
634,346,wait,['2'],1
635,347,NO_EFFECT,[],1
636,349,play_sound,['BGM_IN_STORY_0003_01'],1
637,351,CHARA_SET,"['M', 'M', 'C', 'p36901', '4']",1
638,352,c_bound_b_slow,['p36901'],1
639,353,play_sound,['VO_CHR_MAINSTORY_25_06_0035'],1
640,354,print,"['cn3669', '……なんとか']",0
641,354,ruby,"['時間', 'じかん']",1
642,354,print,['cn3669'],0
643,354,ruby,"['稼', 'かせ']",1
644,354,print,"['ぎには\\nなったか……。', 'VO_CHR_MAINSTORY_25_06_0035']",1
645,355,WFOUT_DEF,[],1
646,356,CHARA_FADEOUT_DEF,['p36901'],1
647,359,CHARA_KAMITE_SE,"['M', 'M', 'C', 'm00109', '7', 'SE_RUN_IN_GR']",1
648,360,play_sound,['VO_CHR_MAINSTORY_25_06_0036'],1
649,361,print,"['cn0101', 'モルティス！\u3000']",0
650,361,ruby,"['今', 'いま']",1
651,361,print,"['cn0101', '、']",0
652,361,ruby,"['何', 'なに']",1
653,361,print,"['cn0101', 'が']",0
654,361,ruby,"['起', 'お']",1
655,361,print,"['cn0101', 'きたんだ？\\n']",0
656,361,wait,['2.5'],1
657,361,print,['cn0101'],0
658,361,c_face,"['M', 'M', 'm00109', '4']",1
659,361,print,['きみがゼノスの'],0
660,361,ruby,"['目論見', 'もくろみ']",1
661,361,print,['を'],0
662,361,ruby,"['阻', 'はば']",1
663,361,print,"['んでくれた\\nようなのはわかったけど……。', 'VO_CHR_MAINSTORY_25_06_0036']",1
664,362,CHARA_FADEOUT_DEF,['m00109'],1
665,365,CHARA_SET,"['M', 'M', 'C', 'p36901', '4']",1
666,366,c_bound_b_slow,['p36901'],1
667,367,play_sound,['VO_CHR_MAINSTORY_25_06_0037'],1
668,368,print,"['cn3669', 'この']",0
669,368,ruby,"['世界', 'せかい']",1
670,368,print,"['cn3669', 'を']",0
671,368,ruby,"['楔', 'くさび']",1
672,368,print,"['cn3669', 'にして、']",0
673,368,ruby,"['繭', 'まゆ']",1
674,368,print,"['cn3669', 'から']",0
675,368,ruby,"['新', 'あたら']",1
676,368,print,"['cn3669', 'しい\\n']",0
677,368,ruby,"['世界', 'せかい']",1
678,368,print,"['cn3669', 'が']",0
679,368,ruby,"['生', 'う']",1
680,368,print,"['cn3669', 'まれないようにしたんだ。', 'VO_CHR_MAINSTORY_25_06_0037']",1
681,369,CHARA_FADEOUT_DEF,['p36901'],1
682,372,CHARA_SET,"['M', 'M', 'C', 'm00701', '9']",1
683,373,play_sound,['VO_CHR_MAINSTORY_25_06_0038'],1
684,374,print,"['cn0107', '……？\u3000どういうこと？', 'VO_CHR_MAINSTORY_25_06_0038']",1
685,375,CHARA_FADEOUT_DEF,['m00701'],1
686,378,CHARA_SET,"['M', 'M', 'C', 'p36901', '4']",1
687,379,play_sound,['VO_CHR_MAINSTORY_25_06_0039'],1
688,380,print,"['cn3669', 'ゼノスの']",0
689,380,ruby,"['世界', 'せかい']",1
690,380,print,"['cn3669', 'が']",0
691,380,ruby,"['生', 'う']",1
692,380,print,"['cn3669', 'まれた']",0
693,380,ruby,"['時', 'とき']",1
694,380,print,"['cn3669', '、']",0
695,380,ruby,"['他', 'ほか']",1
696,380,print,"['cn3669', 'の']",0
697,380,ruby,"['世界', 'せかい']",1
698,380,print,"['cn3669', 'は\\nすべて']",0
699,380,ruby,"['消滅', 'しょうめつ']",1
700,380,print,"['cn3669', 'するはずだった。', 'VO_CHR_MAINSTORY_25_06_0039']",1
701,382,play_sound,['VO_CHR_MAINSTORY_25_06_0040'],1
702,383,print,['cn3669'],0
703,383,ruby,"['繭', 'まゆ']",1
704,383,print,['から'],0
705,383,ruby,"['溢', 'あふ']",1
706,383,print,['れ'],0
707,383,ruby,"['出', 'で']",1
708,383,print,['たゼノスの'],0
709,383,ruby,"['世界', 'せかい']",1
710,383,print,['に、\\n'],0
711,383,ruby,"['数多', 'あまた']",1
712,383,print,['の'],0
713,383,ruby,"['世界', 'せかい']",1
714,383,print,['が'],0
715,383,ruby,"['圧', 'お']",1
716,383,print,['し'],0
717,383,ruby,"['潰', 'つぶ']",1
718,383,print,['されるようなもの\\nだと'],0
719,383,ruby,"['思', 'おも']",1
720,383,print,"['ってくれ。', 'VO_CHR_MAINSTORY_25_06_0040']",1
721,384,CHARA_FADEOUT_DEF,['p36901'],1
722,387,CHARA_SET,"['M', 'M', 'C', 'm00401', '9']",1
723,388,play_sound,['VO_CHR_MAINSTORY_25_06_0041'],1
724,389,print,['cn0104'],0
725,389,ruby,"['可能性', 'かのうせい']",1
726,389,print,['の'],0
727,389,ruby,"['世界', 'せかい']",1
728,389,print,['は'],0
729,389,ruby,"['数', 'かぞ']",1
730,389,print,['えきれないほどある\\nはずなのに、ゼノスの'],0
731,389,ruby,"['世界', 'せかい']",1
732,389,print,['ひとつに\\n'],0
733,389,ruby,"['圧', 'お']",1
734,389,print,['し'],0
735,389,ruby,"['潰', 'つぶ']",1
736,389,print,"['されてしまうのですか……。', 'VO_CHR_MAINSTORY_25_06_0041']",1
737,390,CHARA_FADEOUT_DEF,['m00401'],1
738,393,CHARA_SET,"['M', 'M', 'C', 'p36901', '12']",1
739,394,c_bound_b_slow,['p36901'],1
740,395,play_sound,['VO_CHR_MAINSTORY_25_06_0042'],1
741,396,print,['cn3669'],0
742,396,ruby,"['逆', 'ぎゃく']",1
743,396,print,['に'],0
744,396,ruby,"['言', 'い']",1
745,396,print,['えば、この'],0
746,396,ruby,"['世界', 'せかい']",1
747,396,print,['が'],0
748,396,ruby,"['破壊', 'はかい']",1
749,396,print,['され\\nなければ、ゼノスの'],0
750,396,ruby,"['世界', 'せかい']",1
751,396,print,['が'],0
752,396,ruby,"['繭', 'まゆ']",1
753,396,print,['から\\n'],0
754,396,ruby,"['溢', 'あふ']",1
755,396,print,"['れてくることもない。', 'VO_CHR_MAINSTORY_25_06_0042']",1
756,398,c_face,"['M', 'M', 'p36901', '4']",1
757,399,play_sound,['VO_CHR_MAINSTORY_25_06_0043'],1
758,400,print,"['cn3669', 'それで']",0
759,400,ruby,"['私', 'わたし']",1
760,400,print,"['cn3669', 'は、']",0
761,400,ruby,"['世界', 'せかい']",1
762,400,print,"['cn3669', 'を']",0
763,400,ruby,"['破壊', 'はかい']",1
764,400,print,"['cn3669', 'されない\\nようにした。ゼノスの']",0
765,400,ruby,"['創世', 'そうせい']",1
766,400,print,"['cn3669', 'が\\n']",0
767,400,ruby,"['止', 'と']",1
768,400,print,"['cn3669', 'まったのはその']",0
769,400,ruby,"['影響', 'えいきょう']",1
770,400,print,"['cn3669', 'だ。', 'VO_CHR_MAINSTORY_25_06_0043']",1
771,401,CHARA_FADEOUT_DEF,['p36901'],1
772,404,CHARA_SET,"['M', 'M', 'C', 'm00701', '7']",1
773,405,play_sound,['VO_CHR_MAINSTORY_25_06_0044'],1
774,406,print,['cn0107'],0
775,406,ruby,"['世界', 'せかい']",1
776,406,print,['を'],0
777,406,ruby,"['破壊', 'はかい']",1
778,406,print,['されないようにって……\\n'],0
779,406,ruby,"['一体', 'いったい']",1
780,406,print,"['、どうやって……。', 'VO_CHR_MAINSTORY_25_06_0044']",1
781,407,CHARA_FADEOUT_DEF,['m00701'],1
782,410,CHARA_SET,"['M', 'M', 'C', 'p36901', '4']",1
783,411,play_sound,['VO_CHR_MAINSTORY_25_06_0045'],1
784,412,print,['cn3669'],0
785,412,ruby,"['異界', 'いかい']",1
786,412,print,['の'],0
787,412,ruby,"['力', 'ちから']",1
788,412,print,['を'],0
789,412,ruby,"['借', 'か']",1
790,412,print,"['りている。', 'VO_CHR_MAINSTORY_25_06_0045']",1
791,414,play_sound,['VO_CHR_MAINSTORY_25_06_0046'],1
792,415,print,"['cn3669', 'この']",0
793,415,ruby,"['世界', 'せかい']",1
794,415,print,"['cn3669', 'と']",0
795,415,ruby,"['異界', 'いかい']",1
796,415,print,"['cn3669', '……']",0
797,415,ruby,"['数多', 'あまた']",1
798,415,print,"['cn3669', 'の']",0
799,415,ruby,"['可能性', 'かのうせい']",1
800,415,print,"['cn3669', 'の\\n']",0
801,415,ruby,"['世界', 'せかい']",1
802,415,print,"['cn3669', 'は、']",0
803,415,ruby,"['分', 'わか']",1
804,415,print,"['cn3669', 'れているようでどこかで\\n']",0
805,415,ruby,"['繋', 'つな']",1
806,415,print,"['cn3669', 'がっている。', 'VO_CHR_MAINSTORY_25_06_0046']",1
807,417,c_bound_b_slow,['p36901'],1
808,418,play_sound,['VO_CHR_MAINSTORY_25_06_0047'],1
809,419,print,"['cn3669', 'この']",0
810,419,ruby,"['世界', 'せかい']",1
811,419,print,"['cn3669', 'で']",0
812,419,ruby,"['起', 'お']",1
813,419,print,"['cn3669', 'きた']",0
814,419,ruby,"['出来事', 'できごと']",1
815,419,print,"['cn3669', 'は']",0
816,419,ruby,"['他', 'ほか']",1
817,419,print,"['cn3669', 'の']",0
818,419,ruby,"['世界', 'せかい']",1
819,419,print,"['cn3669', 'でも\\n']",0
820,419,ruby,"['何', 'なん']",1
821,419,print,"['cn3669', 'らかの']",0
822,419,ruby,"['形', 'かたち']",1
823,419,print,"['cn3669', 'で']",0
824,419,ruby,"['起', 'お']",1
825,419,print,"['cn3669', 'こることが']",0
826,419,ruby,"['多', 'おお']",1
827,419,print,"['cn3669', 'いんだ。', 'VO_CHR_MAINSTORY_25_06_0047']",1
828,421,c_face,"['M', 'M', 'p36901', '12']",1
829,422,play_sound,['VO_CHR_MAINSTORY_25_06_0048'],1
830,423,print,['cn3669'],0
831,423,ruby,"['例', 'たと']",1
832,423,print,['えば、'],0
833,423,ruby,"['可能性', 'かのうせい']",1
834,423,print,['の'],0
835,423,ruby,"['世界', 'せかい']",1
836,423,print,['の'],0
837,423,ruby,"['中', 'なか']",1
838,423,print,['には、\\nイリアが'],0
839,423,ruby,"['存在', 'そんざい']",1
840,423,print,['していない'],0
841,423,ruby,"['世界', 'せかい']",1
842,423,print,"['もある。', 'VO_CHR_MAINSTORY_25_06_0048']",1
843,424,CHARA_FADEOUT_DEF,['p36901'],1
844,427,CHARA_SET,"['M', 'M', 'C', 'm00201', '7']",1
845,428,play_sound,['VO_CHR_MAINSTORY_25_06_0049'],1
846,429,print,"['cn0102', '……！\u3000では、イリア']",0
847,429,ruby,"['教', 'きょう']",1
848,429,print,"['cn0102', 'や']",0
849,429,ruby,"['魔神', 'まじん']",1
850,429,print,"['cn0102', 'は……？', 'VO_CHR_MAINSTORY_25_06_0049']",1
851,430,CHARA_FADEOUT_DEF,['m00201'],1
852,433,CHARA_SET,"['M', 'M', 'C', 'p36901', '12']",1
853,434,c_swing_h_slow,['p36901'],1
854,435,play_sound,['VO_CHR_MAINSTORY_25_06_0050'],1
855,436,print,"['cn3669', 'イリア']",0
856,436,ruby,"['教', 'きょう']",1
857,436,print,"['cn3669', 'はない。']",0
858,436,wait,['1.8'],1
859,436,print,['cn3669'],0
860,436,c_face,"['M', 'M', 'p36901', '4']",1
861,436,print,['だが、そんな'],0
862,436,ruby,"['世界', 'せかい']",1
863,436,print,['でも\\n'],0
864,436,ruby,"['魔神', 'まじん']",1
865,436,print,['と'],0
866,436,ruby,"['呼', 'よ']",1
867,436,print,['ばれる'],0
868,436,ruby,"['者', 'もの']",1
869,436,print,['が'],0
870,436,ruby,"['生', 'う']",1
871,436,print,['まれ、イリア'],0
872,436,ruby,"['教', 'きょう']",1
873,436,print,['に\\n'],0
874,436,ruby,"['近', 'ちか']",1
875,436,print,['い'],0
876,436,ruby,"['宗教', 'しゅうきょう']",1
877,436,print,['が'],0
878,436,ruby,"['作', 'つく']",1
879,436,print,"['られることがほとんどだ。', 'VO_CHR_MAINSTORY_25_06_0050']",1
880,437,CHARA_FADEOUT_DEF,['p36901'],1
881,440,CHARA_SET,"['M', 'M', 'C', 'm00109', '4']",1
882,441,play_sound,['VO_CHR_MAINSTORY_25_06_0051'],1
883,442,print,"['cn0101', 'そうなのか……。', 'VO_CHR_MAINSTORY_25_06_0051']",1
884,443,CHARA_FADEOUT_DEF,['m00109'],1
885,446,CHARA_SET,"['M', 'M', 'C', 'p36901', '12']",1
886,447,c_bound_b_slow,['p36901'],1
887,448,play_sound,['VO_CHR_MAINSTORY_25_06_0052'],1
888,449,print,['cn3669'],0
889,449,ruby,"['世界', 'せかい']",1
890,449,print,['と'],0
891,449,ruby,"['世界', 'せかい']",1
892,449,print,['には'],0
893,449,ruby,"['繋', 'つな']",1
894,449,print,['がりがある。\\nそれをエリュシオンは『'],0
895,449,ruby,"['世界', 'せかい']",1
896,449,print,['の'],0
897,449,ruby,"['絆', 'きずな']",1
898,449,print,['』と\\n'],0
899,449,ruby,"['呼', 'よ']",1
900,449,print,"['んでいた。', 'VO_CHR_MAINSTORY_25_06_0052']",1
901,450,CHARA_FADEOUT_DEF,['p36901'],1
902,453,CHARA_SET,"['M', 'M', 'C', 'p36701', '7']",1
903,454,play_sound,['VO_CHR_MAINSTORY_25_06_0053'],1
904,455,print,"['cn3667', '――！\u3000エリュシオン!?\\n']",0
905,455,ruby,"['聖竜', 'せいりゅう']",1
906,455,print,"['cn3667', 'に']",0
907,455,ruby,"['会', 'あ']",1
908,455,print,"['cn3667', 'ったのか？', 'VO_CHR_MAINSTORY_25_06_0053']",1
909,456,CHARA_FADEOUT_DEF,['p36701'],1
910,459,CHARA_SET,"['M', 'M', 'C', 'p36901', '4']",1
911,460,play_sound,['VO_CHR_MAINSTORY_25_06_0054'],1
912,461,print,"['cn3669', 'ああ。']",0
913,461,ruby,"['自分', 'じぶん']",1
914,461,print,"['cn3669', 'のルーツを']",0
915,461,ruby,"['探', 'さが']",1
916,461,print,"['cn3669', 'して']",0
917,461,ruby,"['異界', 'いかい']",1
918,461,print,"['cn3669', 'を\\n']",0
919,461,ruby,"['巡', 'めぐ']",1
920,461,print,"['cn3669', 'っていた']",0
921,461,ruby,"['時', 'とき']",1
922,461,print,"['cn3669', 'に']",0
923,461,ruby,"['会', 'あ']",1
924,461,print,"['cn3669', 'った。', 'VO_CHR_MAINSTORY_25_06_0054']",1
925,462,CHARA_FADEOUT_DEF,['p36901'],1
926,465,CHARA_SET,"['M', 'M', 'C', 'm00109', '4']",1
927,466,play_sound,['VO_CHR_MAINSTORY_25_06_0055'],1
928,467,print,['cn0101'],0
929,467,ruby,"['異界', 'いかい']",1
930,467,print,['のエリュシオンということか……。\\nそちらのエリュシオンは'],0
931,467,ruby,"['無事', 'ぶじ']",1
932,467,print,"['だったん\\nだな。', 'VO_CHR_MAINSTORY_25_06_0055']",1
933,468,CHARA_FADEOUT_DEF,['m00109'],1
934,471,CHARA_SET,"['M', 'M', 'C', 'b13101', '1']",1
935,472,c_swing_h_slow,['b13101'],1
936,473,play_sound,['VO_CHR_MAINSTORY_25_06_0056'],1
937,474,print,"['dn2101', 'いや……']",0
938,474,ruby,"['聖竜', 'せいりゅう']",1
939,474,print,"['dn2101', 'は']",0
940,474,ruby,"['特別', 'とくべつ']",1
941,474,print,"['dn2101', 'な']",0
942,474,ruby,"['存在', 'そんざい']",1
943,474,print,"['dn2101', 'だ。\\n']",0
944,474,ruby,"['数多', 'あまた']",1
945,474,print,"['dn2101', 'の']",0
946,474,ruby,"['世界', 'せかい']",1
947,474,print,"['dn2101', 'にそれぞれ']",0
948,474,ruby,"['肉体', 'にくたい']",1
949,474,print,"['dn2101', 'は']",0
950,474,ruby,"['存在', 'そんざい']",1
951,474,print,"['dn2101', 'するが\\nその']",0
952,474,ruby,"['意志', 'いし']",1
953,474,print,"['dn2101', 'はひとつ。', 'VO_CHR_MAINSTORY_25_06_0056']",1
954,476,play_sound,['VO_CHR_MAINSTORY_25_06_0057'],1
955,477,print,"['dn2101', 'この']",0
956,477,ruby,"['世界', 'せかい']",1
957,477,print,"['dn2101', 'で']",0
958,477,ruby,"['聖竜', 'せいりゅう']",1
959,477,print,"['dn2101', 'が']",0
960,477,ruby,"['黒', 'くろ']",1
961,477,print,"['dn2101', 'いマナに']",0
962,477,ruby,"['囚', 'とら']",1
963,477,print,"['dn2101', 'われた']",0
964,477,ruby,"['時', 'とき']",1
965,477,print,"['dn2101', '\\nすべての']",0
966,477,ruby,"['世界', 'せかい']",1
967,477,print,"['dn2101', 'の']",0
968,477,ruby,"['聖竜', 'せいりゅう']",1
969,477,print,"['dn2101', 'が']",0
970,477,ruby,"['堕', 'お']",1
971,477,print,"['dn2101', 'ちたはず。', 'VO_CHR_MAINSTORY_25_06_0057']",1
972,478,CHARA_FADEOUT_DEF,['b13101'],1
973,481,CHARA_SET,"['M', 'M', 'C', 'p36901', '12']",1
974,482,c_bound_b_slow,['p36901'],1
975,483,play_sound,['VO_CHR_MAINSTORY_25_06_0058'],1
976,484,print,"['cn3669', 'そうらしい。だが、']",0
977,484,ruby,"['黒', 'くろ']",1
978,484,print,"['cn3669', 'いマナに']",0
979,484,ruby,"['抵抗', 'ていこう']",1
980,484,print,"['cn3669', '\\nしようとするわずかな']",0
981,484,ruby,"['意志', 'いし']",1
982,484,print,"['cn3669', 'が\\n']",0
983,484,ruby,"['私', 'わたし']",1
984,484,print,"['cn3669', 'に']",0
985,484,ruby,"['接触', 'せっしょく']",1
986,484,print,"['cn3669', 'してきたのだ。', 'VO_CHR_MAINSTORY_25_06_0058']",1
987,486,c_face,"['M', 'M', 'p36901', '4']",1
988,487,play_sound,['VO_CHR_MAINSTORY_25_06_0059'],1
989,488,print,"['cn3669', 'エリュシオンは、ゼノスが']",0
990,488,ruby,"['世界', 'せかい']",1
991,488,print,"['cn3669', 'の']",0
992,488,ruby,"['繭', 'まゆ']",1
993,488,print,"['cn3669', 'に\\nよる']",0
994,488,ruby,"['創世', 'そうせい']",1
995,488,print,"['cn3669', 'を']",0
996,488,ruby,"['行', 'おこな']",1
997,488,print,"['cn3669', 'おうとすることを']",0
998,488,ruby,"['予測', 'よそく']",1
999,488,print,"['cn3669', '\\nしていた。', 'VO_CHR_MAINSTORY_25_06_0059']",1
1000,490,play_sound,['VO_CHR_MAINSTORY_25_06_0060'],1
1001,491,print,"['cn3669', 'そして、それを']",0
1002,491,ruby,"['防', 'ふせ']",1
1003,491,print,"['cn3669', 'ぐための']",0
1004,491,ruby,"['方法', 'ほうほう']",1
1005,491,print,"['cn3669', 'も\\n']",0
1006,491,ruby,"['考', 'かんが']",1
1007,491,print,"['cn3669', 'えていた。それが']",0
1008,491,ruby,"['先', 'さき']",1
1009,491,print,"['cn3669', 'ほどの']",0
1010,491,ruby,"['世界', 'せかい']",1
1011,491,print,"['cn3669', 'の\\n']",0
1012,491,ruby,"['絆', 'きずな']",1
1013,491,print,"['cn3669', 'を']",0
1014,491,ruby,"['利用', 'りよう']",1
1015,491,print,"['cn3669', 'する']",0
1016,491,ruby,"['方法', 'ほうほう']",1
1017,491,print,"['cn3669', 'だ。', 'VO_CHR_MAINSTORY_25_06_0060']",1
1018,492,CHARA_FADEOUT_DEF,['p36901'],1
1019,495,CHARA_SET,"['M', 'M', 'C', 'p36701', '9']",1
1020,496,play_sound,['VO_CHR_MAINSTORY_25_06_0061'],1
1021,497,print,"['cn3667', 'そんな']",0
1022,497,ruby,"['状態', 'じょうたい']",1
1023,497,print,"['cn3667', 'になってまで']",0
1024,497,ruby,"['世界', 'せかい']",1
1025,497,print,"['cn3667', 'を']",0
1026,497,ruby,"['守', 'まも']",1
1027,497,print,"['cn3667', 'ろうと\\n']",0
1028,497,ruby,"['動', 'うご']",1
1029,497,print,"['cn3667', 'いていたってことか……。', 'VO_CHR_MAINSTORY_25_06_0061']",1
1030,498,CHARA_FADEOUT_DEF,['p36701'],1
1031,501,CHARA_SET,"['M', 'M', 'C', 'm00401', '9']",1
1032,502,play_sound,['VO_CHR_MAINSTORY_25_06_0062'],1
1033,503,print,"['cn0104', 'あの……']",0
1034,503,ruby,"['意志', 'いし']",1
1035,503,print,"['cn0104', 'がひとつということは、\\nこの']",0
1036,503,ruby,"['世界', 'せかい']",1
1037,503,print,"['cn0104', 'でエリュシオンが']",0
1038,503,ruby,"['死', 'し']",1
1039,503,print,"['cn0104', 'んだなら、\\n']",0
1040,503,ruby,"['他', 'ほか']",1
1041,503,print,"['cn0104', 'の']",0
1042,503,ruby,"['世界', 'せかい']",1
1043,503,print,"['cn0104', 'ではどうなっているのですか？', 'VO_CHR_MAINSTORY_25_06_0062']",1
1044,504,CHARA_FADEOUT_DEF,['m00401'],1
1045,507,CHARA_SET,"['M', 'M', 'C', 'p36901', '4']",1
1046,508,play_sound,['VO_CHR_MAINSTORY_25_06_0063'],1
1047,509,print,"['cn3669', 'その']",0
1048,509,ruby,"['世界', 'せかい']",1
1049,509,print,"['cn3669', 'のエリュシオンは、\\n']",0
1050,509,ruby,"['私', 'わたし']",1
1051,509,print,"['cn3669', 'の']",0
1052,509,ruby,"['目', 'め']",1
1053,509,print,"['cn3669', 'の']",0
1054,509,ruby,"['前', 'まえ']",1
1055,509,print,"['cn3669', 'で']",0
1056,509,ruby,"['消', 'き']",1
1057,509,print,"['cn3669', 'えた。', 'VO_CHR_MAINSTORY_25_06_0063']",1
1058,510,CHARA_FADEOUT_DEF,['p36901'],1
1059,513,CHARA_SET,"['M', 'M', 'C', 'm00401', '7']",1
1060,514,c_swing_h_mid,['m00401'],1
1061,515,play_sound,['VO_CHR_MAINSTORY_25_06_0064'],1
1062,516,print,['cn0104'],0
1063,516,ruby,"['消', 'き']",1
1064,516,print,"['えた!?', 'VO_CHR_MAINSTORY_25_06_0064']",1
1065,517,CHARA_FADEOUT_DEF,['m00401'],1
1066,520,CHARA_SET,"['M', 'M', 'C', 'b13101', '1']",1
1067,521,play_sound,['VO_CHR_MAINSTORY_25_06_0065'],1
1068,522,print,['dn2101'],0
1069,522,ruby,"['聖竜', 'せいりゅう']",1
1070,522,print,['の'],0
1071,522,ruby,"['意志', 'いし']",1
1072,522,print,['はひとつ。どこかの'],0
1073,522,ruby,"['世界', 'せかい']",1
1074,522,print,['で\\n'],0
1075,522,ruby,"['聖竜', 'せいりゅう']",1
1076,522,print,['の'],0
1077,522,ruby,"['意志', 'いし']",1
1078,522,print,['がマナに'],0
1079,522,ruby,"['還', 'かえ']",1
1080,522,print,['る'],0
1081,522,ruby,"['時', 'とき']",1
1082,522,print,['、すべての\\n'],0
1083,522,ruby,"['世界', 'せかい']",1
1084,522,print,['の'],0
1085,522,ruby,"['聖竜', 'せいりゅう']",1
1086,522,print,['が'],0
1087,522,ruby,"['消滅', 'しょうめつ']",1
1088,522,print,"['するのだ。', 'VO_CHR_MAINSTORY_25_06_0065']",1
1089,523,CHARA_FADEOUT_DEF,['b13101'],1
1090,526,CHARA_SET,"['M', 'M', 'C', 'm00201', '7']",1
1091,527,play_sound,['VO_CHR_MAINSTORY_25_06_0066'],1
1092,528,print,"['cn0102', 'すべての']",0
1093,528,ruby,"['世界', 'せかい']",1
1094,528,print,"['cn0102', 'のエリュシオンが……。', 'VO_CHR_MAINSTORY_25_06_0066']",1
1095,529,CHARA_FADEOUT_DEF,['m00201'],1
1096,532,CHARA_SET,"['M', 'M', 'C', 'p36701', '4']",1
1097,533,c_bound_b_slow,['p36701'],1
1098,534,play_sound,['VO_CHR_MAINSTORY_25_06_0067'],1
1099,535,print,"['cn3667', 'もう、']",0
1100,535,ruby,"['管理者', 'かんりしゃ']",1
1101,535,print,"['cn3667', 'には']",0
1102,535,ruby,"['頼', 'たよ']",1
1103,535,print,"['cn3667', 'れないってことだ。\\nこの']",0
1104,535,ruby,"['世界', 'せかい']",1
1105,535,print,"['cn3667', 'はボクたち']",0
1106,535,ruby,"['自身', 'じしん']",1
1107,535,print,"['cn3667', 'の']",0
1108,535,ruby,"['手', 'て']",1
1109,535,print,"['cn3667', 'で\\n']",0
1110,535,ruby,"['守', 'まも']",1
1111,535,print,"['cn3667', 'らないとね。', 'VO_CHR_MAINSTORY_25_06_0067']",1
1112,536,CHARA_FADEOUT_DEF,['p36701'],1
1113,539,CHARA_SET,"['M', 'M', 'C', 'p36901', '12']",1
1114,540,play_sound,['VO_CHR_MAINSTORY_25_06_0068'],1
1115,541,print,['cn3669'],0
1116,541,ruby,"['今', 'いま']",1
1117,541,print,['、この'],0
1118,541,ruby,"['世界', 'せかい']",1
1119,541,print,['は'],0
1120,541,ruby,"['他', 'ほか']",1
1121,541,print,['の'],0
1122,541,ruby,"['世界', 'せかい']",1
1123,541,print,['によって\\n'],0
1124,541,ruby,"['支', 'ささ']",1
1125,541,print,['えられ、それによってゼノスの'],0
1126,541,ruby,"['創世', 'そうせい']",1
1127,541,print,['を\\nなんとか'],0
1128,541,ruby,"['抑', 'おさ']",1
1129,541,print,"['えている。', 'VO_CHR_MAINSTORY_25_06_0068']",1
1130,542,CHARA_FADEOUT_DEF,['p36901'],1
1131,545,CHARA_SET,"['M', 'M', 'C', 'm00301', '7']",1
1132,546,play_sound,['VO_CHR_MAINSTORY_25_06_0069'],1
1133,547,print,['cn0103'],0
1134,547,ruby,"['詳', 'くわ']",1
1135,547,print,['しい'],0
1136,547,ruby,"['理屈', 'りくつ']",1
1137,547,print,['はわからねえが、\\nモルティスとエリュシオンのお'],0
1138,547,ruby,"['陰', 'かげ']",1
1139,547,print,['で、\\n'],0
1140,547,ruby,"['間一髪', 'かんいっぱつ']",1
1141,547,print,['、'],0
1142,547,ruby,"['助', 'たす']",1
1143,547,print,"['かったってことだろ？', 'VO_CHR_MAINSTORY_25_06_0069']",1
1144,548,CHARA_FADEOUT_DEF,['m00301'],1
1145,551,CHARA_SET,"['M', 'M', 'C', 'p36901', '9']",1
1146,552,c_swing_h_slow,['p36901'],1
1147,553,play_sound,['VO_CHR_MAINSTORY_25_06_0070'],1
1148,554,print,"['cn3669', 'だが、']",0
1149,554,ruby,"['安心', 'あんしん']",1
1150,554,print,"['cn3669', 'はできない。\\n']",0
1151,554,ruby,"['他', 'ほか']",1
1152,554,print,"['cn3669', 'の']",0
1153,554,ruby,"['世界', 'せかい']",1
1154,554,print,"['cn3669', 'を']",0
1155,554,ruby,"['破壊', 'はかい']",1
1156,554,print,"['cn3669', 'されてしまえば、\\nこの']",0
1157,554,ruby,"['世界', 'せかい']",1
1158,554,print,"['cn3669', 'を']",0
1159,554,ruby,"['支', 'ささ']",1
1160,554,print,"['cn3669', 'えるものもなくなる。', 'VO_CHR_MAINSTORY_25_06_0070']",1
1161,555,CHARA_FADEOUT_DEF,['p36901'],1
1162,558,CHARA_SET,"['M', 'M', 'C', 'p36701', '4']",1
1163,559,play_sound,['VO_CHR_MAINSTORY_25_06_0071'],1
1164,560,print,"['cn3667', '……すべての']",0
1165,560,ruby,"['世界', 'せかい']",1
1166,560,print,"['cn3667', 'に']",0
1167,560,ruby,"['同時', 'どうじ']",1
1168,560,print,"['cn3667', 'に']",0
1169,560,ruby,"['存在', 'そんざい']",1
1170,560,print,"['cn3667', 'できる\\n']",0
1171,560,ruby,"['聖竜', 'せいりゅう']",1
1172,560,print,"['cn3667', 'なら、すべての']",0
1173,560,ruby,"['世界', 'せかい']",1
1174,560,print,"['cn3667', 'を']",0
1175,560,ruby,"['同時', 'どうじ']",1
1176,560,print,"['cn3667', 'に\\n']",0
1177,560,ruby,"['破壊', 'はかい']",1
1178,560,print,"['cn3667', 'から']",0
1179,560,ruby,"['守', 'まも']",1
1180,560,print,"['cn3667', 'れる。', 'VO_CHR_MAINSTORY_25_06_0071']",1
1181,562,c_face,"['M', 'M', 'p36701', '9']",1
1182,563,play_sound,['VO_CHR_MAINSTORY_25_06_0072'],1
1183,564,print,"['cn3667', 'だけど、ボクらはそういうわけには\\nいかない。', 'VO_CHR_MAINSTORY_25_06_0072']",1
1184,565,CHARA_FADEOUT_DEF,['p36701'],1
1185,568,CHARA_SET,"['M', 'M', 'C', 'p36901', '4']",1
1186,569,c_bound_b_slow,['p36901'],1
1187,570,play_sound,['VO_CHR_MAINSTORY_25_06_0073'],1
1188,571,print,"['cn3669', 'ああ、']",0
1189,571,ruby,"['今', 'いま']",1
1190,571,print,"['cn3669', 'のままでは']",0
1191,571,ruby,"['時間', 'じかん']",1
1192,571,print,['cn3669'],0
1193,571,ruby,"['稼', 'かせ']",1
1194,571,print,"['ぎにしか\\nならない。', 'VO_CHR_MAINSTORY_25_06_0073']",1
1195,572,CHARA_FADEOUT_DEF,['p36901'],1
1196,575,CHARA_SET,"['M', 'M', 'C', 'm00301', '1']",1
1197,576,c_bound_t,['m00301'],1
1198,577,play_sound,['VO_CHR_MAINSTORY_25_06_0074'],1
1199,578,print,['cn0103'],0
1200,578,ruby,"['上等', 'じょうとう']",1
1201,578,print,['だ。モルティスが'],0
1202,578,ruby,"['見事', 'みごと']",1
1203,578,print,['な'],0
1204,578,ruby,"['啖呵', 'たんか']",1
1205,578,print,['を\\n'],0
1206,578,ruby,"['切', 'き']",1
1207,578,print,['ったじゃねえか。それを'],0
1208,578,ruby,"['無', 'む']",1
1209,578,print,"['にする\\nわけにはいかねえよな。', 'VO_CHR_MAINSTORY_25_06_0074']",1
1210,579,CHARA_FADEOUT_DEF,['m00301'],1
1211,582,CHARA_SET,"['M', 'M', 'C', 'p36701', '11']",1
1212,583,c_bound_b_slow,['p36701'],1
1213,584,play_sound,['VO_CHR_MAINSTORY_25_06_0075'],1
1214,585,print,"['cn3667', 'もちろんだ。ボクたちは、モルティスと\\nエリュシオンにもらったこの']",0
1215,585,ruby,"['時間', 'じかん']",1
1216,585,print,"['cn3667', 'で、\\nゼノスを']",0
1217,585,ruby,"['超', 'こ']",1
1218,585,print,"['cn3667', 'える！', 'VO_CHR_MAINSTORY_25_06_0075']",1
1219,587,c_face,"['M', 'M', 'p36701', '4']",1
1220,588,play_sound,['VO_CHR_MAINSTORY_25_06_0076'],1
1221,589,print,"['cn3667', 'こうなった']",0
1222,589,ruby,"['以上', 'いじょう']",1
1223,589,print,"['cn3667', '、']",0
1224,589,ruby,"['一刻', 'いっこく']",1
1225,589,print,"['cn3667', 'の']",0
1226,589,ruby,"['猶予', 'ゆうよ']",1
1227,589,print,"['cn3667', 'もない。\\nミドガルズオルム、']",0
1228,589,ruby,"['五竜', 'ごりゅう']",1
1229,589,print,"['cn3667', 'の']",0
1230,589,ruby,"['他', 'ほか']",1
1231,589,print,"['cn3667', 'のみんなに\\n']",0
1232,589,ruby,"['伝', 'つた']",1
1233,589,print,"['cn3667', 'えてくれ。', 'VO_CHR_MAINSTORY_25_06_0076']",1
1234,591,BGMFOUT_DEF,[],1
1235,593,play_sound,['VO_CHR_MAINSTORY_25_06_0077'],1
1236,594,print,['cn3667'],0
1237,594,ruby,"['巫女', 'みこ']",1
1238,594,print,['を'],0
1239,594,ruby,"['一気', 'いっき']",1
1240,594,print,['に'],0
1241,594,ruby,"['追', 'お']",1
1242,594,print,['い'],0
1243,594,ruby,"['込', 'こ']",1
1244,594,print,['む。\\nこれまでのように'],0
1245,594,ruby,"['一体', 'いったい']",1
1246,594,ruby,"['一体', 'いったい']",1
1247,594,print,['じゃなく\\n'],0
1248,594,ruby,"['五竜', 'ごりゅう']",1
1249,594,ruby,"['全員', 'ぜんいん']",1
1250,594,print,"['でかかってきてくれ。', 'VO_CHR_MAINSTORY_25_06_0077']",1
1251,595,CHARA_FADEOUT_DEF,['p36701'],1
1252,597,play_sound,['BGM_IN_STORY_0010_04'],1
1253,599,CHARA_SET,"['M', 'M', 'C', 'm00109', '7']",1
1254,600,ODOROKI_EMO,['m00109'],1
1255,601,play_sound,['VO_CHR_MAINSTORY_25_06_0078'],1
1256,602,print,"['cn0101', '……！\u3000']",0
1257,602,ruby,"['五竜', 'ごりゅう']",1
1258,602,print,"['cn0101', 'と']",0
1259,602,ruby,"['一度', 'いちど']",1
1260,602,print,"['cn0101', 'に……!?', 'VO_CHR_MAINSTORY_25_06_0078']",1
1261,603,CHARA_FADEOUT_DEF,['m00109'],1
1262,606,CHARA_SET,"['M', 'M', 'C', 'b13101', '1']",1
1263,607,play_sound,['VO_CHR_MAINSTORY_25_06_0079'],1
1264,608,print,['dn2101'],0
1265,608,ruby,"['危険', 'きけん']",1
1266,608,print,['すぎではないのか。'],0
1267,608,ruby,"['時間', 'じかん']",1
1268,608,print,['がないのは\\nわかるが、'],0
1269,608,ruby,"['力', 'ちから']",1
1270,608,print,['を'],0
1271,608,ruby,"['覚醒', 'かくせい']",1
1272,608,print,['させる'],0
1273,608,ruby,"['前', 'まえ']",1
1274,608,print,['に'],0
1275,608,ruby,"['汝', 'なんじ']",1
1276,608,print,['らが\\n'],0
1277,608,ruby,"['死', 'し']",1
1278,608,print,['んでは'],0
1279,608,ruby,"['元', 'もと']",1
1280,608,print,['も'],0
1281,608,ruby,"['子', 'こ']",1
1282,608,print,"['もない。', 'VO_CHR_MAINSTORY_25_06_0079']",1
1283,609,CHARA_FADEOUT_DEF,['b13101'],1
1284,612,CHARA_SET,"['M', 'M', 'C', 'p36701', '9']",1
1285,613,play_sound,['VO_CHR_MAINSTORY_25_06_0080'],1
1286,614,print,['cn3667'],0
1287,614,ruby,"['今', 'いま']",1
1288,614,print,['がチャンスなんだ。ゼノスの'],0
1289,614,ruby,"['要塞', 'ようさい']",1
1290,614,print,['って\\nいう、'],0
1291,614,ruby,"['創世', 'そうせい']",1
1292,614,print,['のお'],0
1293,614,ruby,"['手本', 'てほん']",1
1294,614,print,['が'],0
1295,614,ruby,"['目', 'め']",1
1296,614,print,['の'],0
1297,614,ruby,"['前', 'まえ']",1
1298,614,print,"['にある。', 'VO_CHR_MAINSTORY_25_06_0080']",1
1299,616,StopEye_close,['p36701'],1
1300,617,c_swing_h_slow,['p36701'],1
1301,618,play_sound,['VO_CHR_MAINSTORY_25_06_0081'],1
1302,619,print,"['cn3667', 'ここで']",0
1303,619,ruby,"['力', 'ちから']",1
1304,619,print,"['cn3667', 'に']",0
1305,619,ruby,"['目覚', 'めざ']",1
1306,619,print,"['cn3667', 'めることが\\nできなければ、おそらくこの']",0
1307,619,ruby,"['先', 'さき']",1
1308,619,print,"['cn3667', '、\\n']",0
1309,619,ruby,"['時間', 'じかん']",1
1310,619,print,"['cn3667', 'をかけても']",0
1311,619,ruby,"['無駄', 'むだ']",1
1312,619,print,"['cn3667', 'だ。', 'VO_CHR_MAINSTORY_25_06_0081']",1
1313,621,c_face,"['M', 'M', 'p36701', '11']",1
1314,622,play_sound,['VO_CHR_MAINSTORY_25_06_0082'],1
1315,623,print,['cn3667'],0
1316,623,ruby,"['頼', 'たの']",1
1317,623,print,"['む、ミドガルズオルム！', 'VO_CHR_MAINSTORY_25_06_0082']",1
1318,624,CHARA_FADEOUT_DEF,['p36701'],1
1319,627,CHARA_SET,"['M', 'M', 'C', 'b13101', '1']",1
1320,628,c_bound_b_slow,['b13101'],1
1321,629,play_sound,['VO_CHR_MAINSTORY_25_06_0083'],1
1322,630,print,"['dn2101', '……よかろう。『はじまりの']",0
1323,630,ruby,"['人', 'ひと']",1
1324,630,print,"['dn2101', '』の\\n']",0
1325,630,ruby,"['思', 'おも']",1
1326,630,print,"['dn2101', 'うがままに、']",0
1327,630,ruby,"['可能性', 'かのうせい']",1
1328,630,print,"['dn2101', 'の']",0
1329,630,ruby,"['世界', 'せかい']",1
1330,630,print,"['dn2101', 'を\\n']",0
1331,630,ruby,"['潰', 'つい']",1
1332,630,print,"['dn2101', 'えさすわけにはいかぬのは']",0
1333,630,ruby,"['確', 'たし']",1
1334,630,print,"['dn2101', 'かだ。', 'VO_CHR_MAINSTORY_25_06_0083']",1
1335,632,play_sound,['VO_CHR_MAINSTORY_25_06_0084'],1
1336,633,print,['dn2101'],0
1337,633,ruby,"['汝', 'なんじ']",1
1338,633,print,['らの'],0
1339,633,ruby,"['強', 'つよ']",1
1340,633,print,['さに、'],0
1341,633,ruby,"['賭', 'か']",1
1342,633,print,['けてみよう。\\nはじまりの'],0
1343,633,ruby,"['巫女', 'みこ']",1
1344,633,print,"['よ。', 'VO_CHR_MAINSTORY_25_06_0084']",1
1345,636,BLACK_OUT_DEF_STOP,[],1
1346,637,end,[],1
